Workbook

Sheet Cover
B2: TEST CASE
B4: Project Name | C4: DOLIBARR | F4: Creator | G4: Vũ Quang Huy
B5: Project Code | C5: DOLIBARR | F5: Reviewer/Approver
B6: Document Code | C6: DOLIBARR_TestCase | F6: Issue Date
F7: Version | G7: 0.1
B10: Record of change
B11: Effective Date | C11: Version | D11: Change Item | E11: *A,D,M | F11: Change description | G11: Reference
B12: 20/10/2026 | C12: 0.1 | D12: Projects & Tasks | E12: A | F12: Created 27 test cases | G12: Assignment 6

Sheet Test case List
D1: TEST CASE LIST
B3: Project Name | D3: =Cover!C4 -> DOLIBARR
B4: Project Code | D4: =Cover!C5 -> DOLIBARR
B5: Test Environment Setup Description | D5: Dolibarr ERP & CRM demo 24.0.2; Google Chrome; authorized Projects & Tasks module access.
B8: No | C8: Function Name | D8: Sheet Name | E8: Description | F8: Pre-Condition
B9: 1 | C9: Tạo dự án mới (Create New Project/Lead) | D9: Tasks_CreatePro | E9: Kiểm tra chức năng tạo dự án mới, lưu thông tin khách hàng, trạng thái Lead status và quyền xem | F9: Đã đăng nhập vào hệ thống Dolibarr với tài khoản có quyền Quản lý Dự án
B10: 2 | C10: Duyệt dự án | D10: Tasks_ValPro | E10: Kiểm tra việc phê duyệt dự án từ trạng thái Nháp sang trạng thái Valid để cho phép tạo Task | F10: Dự án đã được tạo bởi trạng thái Nháp
B11: 3 | C11: Tạo công việc mới | D11: Tasks_CreateTask | E11: Kiểm tra chức năng tạo công việc mới gán cho dự án, nhập thời gian dự kiến và thời hạn | F11: Dự án đã ở trạng thái phác thảo cho lần đầu tiên
B12: 4 | C12: Cập nhật tiến độ công việc | D12: Tasks_UpdateProg | E12: Kiểm tra việc cập nhật phần trăm hoàn thành của Task và tự động chuyển trạng thái khi đạt 100% | F12: Task đã tồn tại trong danh sách công việc
B13: 5 | C13: Tìm kiếm & Lọc danh sách Dự án | D13: Tasks_SearchPro | E13: Kiểm tra bộ lọc danh sách dự án theo từ khóa, trạng thái, Third party và Lead status | F13: Đã có danh sách các Dự án tồn tại trên hệ thống
B14: 6 | C14: Đóng / Đổi trạng thái Task (Close Task) | D14: Tasks_StatusPro | E14: Kiểm tra việc chuyển trạng thái Task sang Đã đóng hoặc Mở lại | F14: Task đang ở trạng thái Hoạt động

Sheet TestDesign
A1: Requirement Level 1 | B1: Requirement Level 2 | C1: Requirement Level 3 | D1: Test Criteria | E1: Test Type | F1: Note
A2: 1. Projects / Tasks Management | B2: 1.1 Create Project | C2: Screen / Displaying | D2: Check displaying New lead or project screen by clicking [New lead or project] | E2: GUI | F2: admin_Pro/Tasks_CreatePro_01
C3: Successful create / Full data | D3: Check creating a new project successfully with all valid fields (Ref, Title, Third party, Visibility, Lead status, Lead amount) | E3: Function | F3: admin_Pro/Tasks_CreatePro_01
C4: Successful create / Minimum data | D4: Check creating a project with required field only (Title) and optional fields empty | E4: Function | F4: admin_Pro/Tasks_CreatePro_02
C5: Required field / Title | D5: Check reject creation when 'Title' field is left empty | E5: Function | F5: admin_Pro/Tasks_CreatePro_03
C6: Field value / Visibility | D6: Check creating a project with visibility set to 'Project contacts only' | E6: Function | F6: admin_Pro/Tasks_CreatePro_04
C7: Cancel creation | D7: Check cancel creating a project form without saving | E7: Function | F7: admin_Pro/Tasks_CreatePro_05
C8: Checkbox / Opportunity & Time spent | D8: Check creating a draft project with both 'Follow opportunity' and 'Follow tasks or time spent' unchecked | E8: Function | F8: admin_Pro/Tasks_CreatePro_06
C9: Business Logic / Validation | D9: Check error message when 'Follow opportunity' is checked but 'Lead status' is left empty | E9: Function | F9: admin_Pro/Tasks_CreatePro_07
B10: 1.2 Validate Project | C10: Change Status / Draft to Open | D10: Check validate a single draft project directly from its detail screen | E10: Function | F10: admin_Pro/Tasks_ValPro_01
C11: Bulk Operation / Validate | D11: Check select multiple draft projects using checkboxes and validate them simultaneously via bulk action | E11: Function | F11: admin_Pro/Tasks_ValPro_02
C12: Filter / Draft only | D12: Check filter project list to display only Draft projects for validation | E12: Function | F12: admin_Pro/Tasks_ValPro_03
C13: Validation Error / Open project | D13: Check error when attempting bulk validation on already Open project | E13: Function | F13: admin_Pro/Tasks_ValPro_04
B14: 1.3 Create Task | C14: Screen / Layout | D14: Check opening Create Event/Task screen and fields layout | E14: GUI | F14: admin_Pro/Tasks_CreateTask_01
C15: Successful create / Full data | D15: Check creating a new event/task linked to a project with full valid information | E15: Function | F15: admin_Pro/Tasks_CreateTask_01
C16: Field value / Full day event | D16: Check creating an event with 'Full day', 'Type', and assigned 'Users' selected | E16: Function | F16: admin_Pro/Tasks_CreateTask_02
C17: Field value / Type Other | D17: Check creating an event/task with Type set to 'Other' | E17: Function | F17: admin_Pro/Tasks_CreateTask_03
C18: Navigation / Sub-task link | D18: Check creating an event linked directly to a sub-task in the project | E18: Function | F18: admin_Pro/Tasks_CreateTask_04
B19: 1.4 Update Progress | C19: Quick Edit / Progress | D19: Check selecting a task and updating its Status/Progress to 'To do' with % | E19: Function | F19: admin_Pro/Tasks_UpdateProg_01
C20: Update Progress value | D20: Check updating Task Progress percentage from 0% to 50% | E20: Function | F20: admin_Pro/Tasks_UpdateProg_02
C21: Status Auto-transition | D21: Check updating Task Progress to 100% and system auto-changes status to 'Finished' | E21: Function | F21: admin_Pro/Tasks_UpdateProg_03
C22: Edit Task Details | D22: Check editing fields (Location, Tags, Description) while preserving current Progress value | E22: Function | F22: admin_Pro/Tasks_UpdateProg_04
C23: Delete Task | D23: Check deleting a task from the project event list and confirming deletion | E23: Function | F23: admin_Pro/Tasks_UpdateProg_05
B24: 1.5 Search & Filter | C24: Combined Filters | D24: Check filtering projects by combining keywords, Status, Third party, and Lead status | E24: Function | F24: admin_Pro/Tasks_SearchPro_01
C25: Filter by Keyword | D25: Check searching projects using a specific keyword in the Project label/title | E25: Function | F25: admin_Pro/Tasks_SearchPro_02
B26: 1.6 Status Management | C26: Change Status / Form Modify | D26: Check changing project status among Draft, Open, and Closed using Modify button | E26: Function | F26: admin_Pro/Tasks_StatusPro_01
C27: Change Status / Open to Closed | D27: Check changing project status from Open to Closed in Modify form | E27: Function | F27: admin_Pro/Tasks_StatusPro_02
C28: Change Status / Closed to Open | D28: Check re-opening a Closed project back to Open status | E28: Function | F28: admin_Pro/Tasks_StatusPro_03
C29: Quick Action / Direct Close | D29: Check closing a project directly using quick button [Close] and confirming prompt | E29: Function | F29: admin_Pro/Tasks_StatusPro_04
C30: Quick Action / Back to Draft | D30: Check reverting a project back to Draft status directly via [Back to draft] button | E30: Function | F30: admin_Pro/Tasks_StatusPro_05

Sheet Tasks_CreatePro
A2: Module Code | B2: Tasks_CreatePro
A3: Test requirement | B3: Tạo dự án mới (Create New Project/Lead)
A4: Tester | B4: Vũ Quang Huy
A5: Passed | B5: Failed | C5: Untested | D5: Blocked | E5: Skipped | F5: Number of Test cases
A6: =COUNTIF(F9:F25,"Passed") -> 0 | B6: =COUNTIF(F9:F25,"Failed") -> 0 | C6: =F6-E6-D6-B6-A6 -> 7 | D6: =COUNTIF(F9:F25,"Blocked") -> 0 | E6: =COUNTIF(F9:F25,"Skipped") -> 0 | F6: =COUNTA(A9:A15) -> 7
A8: ID | B8: Test Case Description | C8: Test Case Procedure | D8: Expected Output | E8: Inter-test case Dependence | F8: Result | G8: Test date | H8: Note
A9: admin_Pro/Tasks_CreatePro_01 | B9: Verify creating a new project successfully when entering all required valid information | C9: 1. On homepage, open Projects menu then select "New land or project" 2. Enter ref = "PJ2610-0100", title = "Website Design", select third party = "11Teamsport", visibility = "Everybody", lead status = "Prospection" and enter lead amount = "5000" 3. Click "Create project" | D9: 1. Projects management page is displayed 2. "New land or project" creation form appears 3. 4. Project is created successfully with "Draft" status, screen navigates to detail page displaying correct entered information | F9: Untested
A10: admin_Pro/Tasks_CreatePro_02 | B10: Verify creating a project when only filling in required field (title) | C10: 1. On homepage, open Projects menu then select "New land or project" 2. Enter title = "System Maintenance Project", leave non-required fields blank 3. Click "Create project" | D10: 1. Projects management page is displayed 2. "New land or project" creation form appears 3. 4. Project is created successfully, system automatically generates new code and saves in "Draft" status | F10: Untested
A11: admin_Pro/Tasks_CreatePro_03 | B11: Verify error message when leaving required field (title) blank | C11: 1. On homepage, open Projects menu then select "New land or project" 2. Leave title box blank, select third party = "11Teamsport" 3. Click "Create project" | D11: 1. Projects management page is displayed 2. "New land or project" creation form appears 3. 4. System displays error message "Field 'Label/Title' is required" and does not allow saving project | F11: Untested
A12: admin_Pro/Tasks_CreatePro_04 | B12: Verify creating a project with restricted viewing permissions (project contacts only) | C12: 1. On homepage, open Projects menu then select "New land or project" 2. Enter title = "Internet Optimization Project", select visibility = "Project contacts only" 3. Click "Create project" | D12: 1. Projects management page is displayed 2. "New land or project" creation form appears 3. 4. Project is created successfully and only accounts listed in Project Contacts have permission to view | F12: Untested
A13: admin_Pro/Tasks_CreatePro_05 | B13: Verify Cancel button when filling out creation form | C13: 1. On homepage, open Projects menu then select "New land or project" 2. Enter title = "Trial Project" 3. Click "Cancel" | D13: 1. Projects management page is displayed 2. "New land or project" creation form appears 3. 4. Creation action is canceled, information is not saved and system returns to project list page | F13: Untested
A14: admin_Pro/Tasks_CreatePro_06 | B14: Verify creating a project when unchecking both options "Follow opportunity" and "Follow tasks or time spent" | C14: 1. On homepage, open Projects menu then select "New land or project" 2. Enter title = "Internal Reference Project" 3. Uncheck "Follow opportunity" and uncheck "Follow tasks or time spent" 4. Click "Create project" | D14: 1. Projects management page is displayed 2. "New land or project" creation form appears 3. 4. 5. Project is created successfully, in project detail view, opportunity tracking section (Lead) and task/time management tabs will be hidden | F14: Untested
A15: admin_Pro/Tasks_CreatePro_07 | B15: Verify error message when checking "Follow opportunity" but leaving "Lead status" blank | C15: 1. On homepage, open Projects menu then select "New land or project" 2. Enter title = "New Opportunity Project" 3. Check "Follow opportunity" and check "Follow tasks or time spent" 4. Leave "Lead status" field blank 5. Click "Create project" | D15: 1. Projects management page is displayed 2. "New land or project" creation form appears 3. 4. 5. 6. System displays error message "You choose to follow an opportunity in this project, so you must also fill out the Lead status." and does not allow creating project | F15: Untested

Sheet Tasks_ValPro
A2: Module Code | B2: Tasks_ValPro
A3: Test requirement | B3: Duyệt dự án
A4: Tester | B4: Vũ Quang Huy
A5: Passed | B5: Failed | C5: Untested | D5: Blocked | E5: Skipped | F5: Number of Test cases
A6: =COUNTIF(F9:F22,"Passed") -> 0 | B6: =COUNTIF(F9:F22,"Failed") -> 0 | C6: =F6-E6-D6-B6-A6 -> 4 | D6: =COUNTIF(F9:F22,"Blocked") -> 0 | E6: =COUNTIF(F9:F22,"Skipped") -> 0 | F6: =COUNTA(A9:A12) -> 4
A8: ID | B8: Test Case Description | C8: Test Case Procedure | D8: Expected Output | E8: Inter-test case Dependence | F8: Result | G8: Test date | H8: Note
A9: admin_Pro/Tasks_ValPro_01 | B9: Verify approving project directly in detail page (Draft to Open) | C9: 1. Open Projects list page then select a project in "Draft" status 2. Click "Validate" button at bottom of screen 3. When confirmation popup appears, click "Yes" | D9: 1. Project detail screen displays with grey "Draft" label 2. Approval confirmation window appears 3. Project switches to "Open" status with green label, "Validate" button disappears | F9: Untested
A10: admin_Pro/Tasks_ValPro_02 | B10: Verify approving project by checking checkbox in list view (batch action) | C10: 1. Open Projects list page 2. Check checkbox on left of project in "Draft" status (e.g. PJ2610-0016) 3. In "Select action" dropdown above, select "Validate" 4. Click "Confirm" | D10: 1. Project list page is displayed 2. Checkbox of project PJ2610-0016 is selected 3. List displays action selection dropdown with "Validate" option 4. Project PJ2610-0016 is validated successfully, status changes from "Draft" to "Open" | F10: Untested
A11: admin_Pro/Tasks_ValPro_03 | B11: Verify filtering list to only display "Draft" projects for approval | C11: 1. Go to Projects list page 2. In Status filter box at top right, click 'x' on "Open" tag (retaining only "Draft") 3. Click magnifying glass icon to search | D11: 1. Project list screen is displayed 2. "Open" tag is removed from filter, retaining only "Draft" 3. System filters and displays list of all projects in "Draft" status | F11: Untested
A12: admin_Pro/Tasks_ValPro_04 | B12: Verify error when attempting to approve project already in "Open" status | C12: 1. Go to Projects list page 2. Check checkbox on left of project in "Open" status (e.g. PJ2610-0013) 3. In "Select action", select "Validate" 4. Click "Confirm" | D12: 1. Project list screen is displayed 2. Checkbox of project PJ2610-0013 is selected 3. Screen displays action list 4. System displays error message "Object PJ2610-0013 must have status 'Draft' to be validated." and no change occurs | F12: Untested

Sheet Tasks_CreateTask
A2: Module Code | B2: Tasks_CreateTask
A3: Test requirement | B3: Tạo công việc mới
A4: Tester | B4: Vũ Quang Huy
A5: Passed | B5: Failed | C5: Untested | D5: Blocked | E5: Skipped | F5: Number of Test cases
A6: =COUNTIF(F9:F22,"Passed") -> 0 | B6: =COUNTIF(F9:F22,"Failed") -> 0 | C6: =F6-E6-D6-B6-A6 -> 4 | D6: =COUNTIF(F9:F22,"Blocked") -> 0 | E6: =COUNTIF(F9:F22,"Skipped") -> 0 | F6: =COUNTA(A9:A12) -> 4
A8: ID | B8: Test Case Description | C8: Test Case Procedure | D8: Expected Output | E8: Inter-test case Dependence | F8: Result | G8: Test date | H8: Note
A9: admin_Pro/Tasks_CreateTask_01 | B9: Verify creating a task or event with full information | C9: 1. Go to Tasks/activities or Organized events menu, then click "New" 2. Enter title = "Project implementation plan meeting" 3. Select type = "Meetings", select project = "PJ2610-0011, follo - Company Corp 1" 4. Click "Create" | D9: 1. Creation form is displayed 2. "Create an event" form displays full fields 3. 4. Event is created successfully and navigates to detail screen displaying entered information | F9: Untested
A10: admin_Pro/Tasks_CreateTask_02 | B10: Verify creating all-day event, changing Type, checking "Event on all day(s)" and unchecking "Busy" | C10: 1. Open "Create an event" form 2. Enter title = "All-day work event" 3. Select type = "Other" 4. Check "Event on all day(s)" 5. Uncheck "Busy" for assigned person 6. Select project = "PJ2610-0011, follo - Company Corp 1" 7. Click "Create" | D10: 1. "Create an event" form displays 2. 3. 4. Timeframe switches to all-day event mode 5. Assignee status is not marked as busy in calendar 6. 7. Event is created successfully with all-day duration and no busy flag | F10: Untested
A11: admin_Pro/Tasks_CreateTask_03 | B11: Verify creating an event or task selecting Type as Other | C11: 1. Open "Create an event" form 2. Enter title = "Other ad-hoc work" 3. Select type = "Other" 4. Select project = "PJ2610-0011, follo - Company Corp 1" 5. Click "Create" | D11: 1. "Create an event" form displays 2. 3. 4. 5. Event is saved successfully and classified as "Other" in system | F11: Untested
A12: admin_Pro/Tasks_CreateTask_04 | B12: Verify creating an event linked directly to a sub-task in the project | C12: 1. Open "Create an event" form 2. Enter title = "Detailed work discussion" 3. Select project = "PJ2610-0011, follo - Company Corp 1" 4. In Task field, select a sub-task belonging to this project 5. Click "Create" | D12: 1. "Create an event" form displays 2. 3. 4. List of sub-tasks belonging to project displays for selection 5. Event is created successfully and linked directly to selected task | F12: Untested

Sheet Tasks_UpdateProg
A2: Module Code | B2: Tasks_UpdateProg
A3: Test requirement | B3: Cập nhật tiến độ công việc
A4: Tester | B4: Vũ Quang Huy
A5: Passed | B5: Failed | C5: Untested | D5: Blocked | E5: Skipped | F5: Number of Test cases
A6: =COUNTIF(F9:F23,"Passed") -> 0 | B6: =COUNTIF(F9:F23,"Failed") -> 0 | C6: =F6-E6-D6-B6-A6 -> 5 | D6: =COUNTIF(F9:F23,"Blocked") -> 0 | E6: =COUNTIF(F9:F23,"Skipped") -> 0 | F6: =COUNTA(A9:A13) -> 5
A8: ID | B8: Test Case Description | C8: Test Case Procedure | D8: Expected Output | E8: Inter-test case Dependence | F8: Result | G8: Test date | H8: Note
A9: admin_Pro/Tasks_UpdateProg_01 | B9: Verify selecting work from project and updating Status / Progress to To-do with % | C9: 1. Go to Leads | Projects menu select List (or List open projects) 2. Select project PJ2610-0011 then open Event card of task in project 3. Click "Modify" button at bottom of detail page 4. In Status / Progress section, select "To do" status and enter % (e.g. 10%) 5. Click "Save" | D9: 1. Project list page is displayed 2. Detailed Event card screen is displayed 3. Event card edit form appears 4. 5. Saved successfully, task information displays in "To do" status with 10% progress | F9: Untested
A10: admin_Pro/Tasks_UpdateProg_02 | B10: Verify updating Status / Progress to In progress with 50% | C10: 1. On task Event card detail screen, click "Modify" 2. In Status / Progress section, select "In progress" and enter progress = 50% 3. Click "Save" | D10: 1. Event card edit form is displayed 2. 3. Saved successfully, task status changes to "In progress" with 50% progress | F10: Untested
A11: admin_Pro/Tasks_UpdateProg_03 | B11: Verify updating Status / Progress to Finished (completed 100%) | C11: 1. On task Event card detail screen, click "Modify" 2. In Status / Progress section, select "Finished" (system auto-fills 100%) 3. Click "Save" | D11: 1. Event card edit form is displayed 2. 3. Saved successfully, task status changes to "Finished" and displays Complete tag (100%) | F11: Untested
A12: admin_Pro/Tasks_UpdateProg_04 | B12: Verify adding additional information Location, Tags, Description while maintaining status as In progress | C12: 1. On task Event card detail screen, click "Modify" 2. Enter additional info into Location, Tags/categories, Description fields 3. Keep Status / Progress as "In progress" (50%) 4. Click "Save" | D12: 1. Event card edit form is displayed 2. 3. 4. Saved successfully, additional information is updated completely while status remains "In progress" | F12: Untested
A13: admin_Pro/Tasks_UpdateProg_05 | B13: Verify deleting work or event | C13: 1. On task Event card detail screen, click "Delete" button at bottom right 2. When confirmation window appears, click "Confirm" (or "Yes") | D13: 1. Deletion confirmation dialog appears 2. Event is completely deleted from system and screen returns to list view | F13: Untested

Sheet Tasks_SearchPro
A2: Module Code | B2: Tasks_SearchPro
A3: Test requirement | B3: Tìm kiếm & Lọc danh sách Dự án
A4: Tester | B4: Vũ Quang Huy
A5: Passed | B5: Failed | C5: Untested | D5: Blocked | E5: Skipped | F5: Number of Test cases
A6: =COUNTIF(F9:F20,"Passed") -> 0 | B6: =COUNTIF(F9:F20,"Failed") -> 0 | C6: =F6-E6-D6-B6-A6 -> 2 | D6: =COUNTIF(F9:F20,"Blocked") -> 0 | E6: =COUNTIF(F9:F20,"Skipped") -> 0 | F6: =COUNTA(A9:A10) -> 2
A8: ID | B8: Test Case Description | C8: Test Case Procedure | D8: Expected Output | E8: Inter-test case Dependence | F8: Result | G8: Test date | H8: Note
A9: admin_Pro/Tasks_SearchPro_01 | B9: Verify search functionality when filling all fields in search bar | C9: 1. Go to Projects menu select List 2. Enter keyword in Ref = "PJ2610", Project label = "follo", select Third party = "Company Corp 1", select Lead status = "Negotiation" 3. Click magnifying glass icon (or press Enter) | D9: 1. Project list page is displayed 2. 3. System filters and returns correct projects matching all entered criteria | F9: Untested
A10: admin_Pro/Tasks_SearchPro_02 | B10: Verify search functionality by single field (e.g. Project label) | C10: 1. Go to Projects menu select List 2. Enter keyword in Project label field (e.g. "follo") 3. Click magnifying glass icon (or press Enter) | D10: 1. Project list page is displayed 2. 3. System filters out projects containing keyword "follo" | F10: Untested

Sheet Tasks_StatusPro
A2: Module Code | B2: Tasks_StatusPro
A3: Test requirement | B3: Đóng / Đổi trạng thái Task (Close Task)
A4: Tester | B4: Vũ Quang Huy
A5: Passed | B5: Failed | C5: Untested | D5: Blocked | E5: Skipped | F5: Number of Test cases
A6: =COUNTIF(F9:F23,"Passed") -> 0 | B6: =COUNTIF(F9:F23,"Failed") -> 0 | C6: =F6-E6-D6-B6-A6 -> 5 | D6: =COUNTIF(F9:F23,"Blocked") -> 0 | E6: =COUNTIF(F9:F23,"Skipped") -> 0 | F6: =COUNTA(A9:A13) -> 5
A8: ID | B8: Test Case Description | C8: Test Case Procedure | D8: Expected Output | E8: Inter-test case Dependence | F8: Result | G8: Test date | H8: Note
A9: admin_Pro/Tasks_StatusPro_01 | B9: Verify changing project status in Modify form when selecting between (Draft, Open, Closed) and choosing Open | C9: 1. On left menu, go to Leads | Projects select List 2. Click any project detail (e.g. PJ2610-0011) 3. Click "Modify" button at bottom of detail page 4. In Status field, select "Open" option 5. Click "Save" | D9: 1. Project list is displayed 2. Project detail page is displayed 3. Edit form opens with Status options: Draft, Open, Closed 4. 5. Project saved successfully with Open status (green label) | F9: Untested
A10: admin_Pro/Tasks_StatusPro_02 | B10: Verify changing project status from Open to Closed in Modify form | C10: 1. On project detail page in Open status, click "Modify" 2. In Status field, change from Open to Closed 3. Click "Save" | D10: 1. Project edit form is displayed 2. 3. Project successfully switches to Closed status | F10: Untested
A11: admin_Pro/Tasks_StatusPro_03 | B11: Verify reopening project from Closed to Open in Modify form | C11: 1. On project detail page in Closed status, click "Modify" 2. In Status field, change from Closed to Open 3. Click "Save" | D11: 1. Project edit form is displayed 2. 3. Project saved successfully, status restored to Open | F11: Untested
A12: admin_Pro/Tasks_StatusPro_04 | B12: Verify closing project directly via Close button on detail screen | C12: 1. On project detail page in Open status, directly click "Close" button next to action buttons below 2. When confirmation window appears, click "Confirm" (or "Yes") | D12: 1. Confirmation dialog for closing project appears 2. Project immediately switches to Closed status without entering Modify form | F12: Untested
A13: admin_Pro/Tasks_StatusPro_05 | B13: Verify restoring project to draft via Back to draft button directly | C13: 1. On project detail page, directly click "Back to draft" button next to action buttons below 2. When confirmation window appears, click "Confirm" (or "Yes") | D13: 1. Confirmation dialog for reverting to draft appears 2. Project status changes to Draft successfully and "Validate" button reappears | F13: Untested

Sheet Test Report
B1: TEST REPORT
B3: Project Name | C3: =Cover!C4 -> DOLIBARR | E3: Creator | G3: Vũ Quang Huy
B4: Project Code | C4: =Cover!C5 -> DOLIBARR | E4: Reviewer/Approver
B5: Document Code | C5: DOLIBARR_Test Report | E5: Issue Date
B6: Notes
B10: No | C10: Module code | D10: Pass | E10: Fail | F10: Untested | G10: Blocked | H10: Skipped | I10: Number of test cases
B11: 1 | C11: =Tasks_CreatePro!B2 -> Tasks_CreatePro | D11: =Tasks_CreatePro!A6 -> 0 | E11: =Tasks_CreatePro!B6 -> 0 | F11: =Tasks_CreatePro!C6 -> 7 | G11: =Tasks_CreatePro!D6 -> 0 | H11: =Tasks_CreatePro!E6 -> 0 | I11: =Tasks_CreatePro!F6 -> 7
B12: 2 | C12: =Tasks_ValPro!B2 -> Tasks_ValPro | D12: =Tasks_ValPro!A6 -> 0 | E12: =Tasks_ValPro!B6 -> 0 | F12: =Tasks_ValPro!C6 -> 4 | G12: =Tasks_ValPro!D6 -> 0 | H12: =Tasks_ValPro!E6 -> 0 | I12: =Tasks_ValPro!F6 -> 4
B13: 3 | C13: =Tasks_CreateTask!B2 -> Tasks_CreateTask | D13: =Tasks_CreateTask!A6 -> 0 | E13: =Tasks_CreateTask!B6 -> 0 | F13: =Tasks_CreateTask!C6 -> 4 | G13: =Tasks_CreateTask!D6 -> 0 | H13: =Tasks_CreateTask!E6 -> 0 | I13: =Tasks_CreateTask!F6 -> 4
B14: 4 | C14: =Tasks_UpdateProg!B2 -> Tasks_UpdateProg | D14: =Tasks_UpdateProg!A6 -> 0 | E14: =Tasks_UpdateProg!B6 -> 0 | F14: =Tasks_UpdateProg!C6 -> 5 | G14: =Tasks_UpdateProg!D6 -> 0 | H14: =Tasks_UpdateProg!E6 -> 0 | I14: =Tasks_UpdateProg!F6 -> 5
B15: 5 | C15: =Tasks_SearchPro!B2 -> Tasks_SearchPro | D15: =Tasks_SearchPro!A6 -> 0 | E15: =Tasks_SearchPro!B6 -> 0 | F15: =Tasks_SearchPro!C6 -> 2 | G15: =Tasks_SearchPro!D6 -> 0 | H15: =Tasks_SearchPro!E6 -> 0 | I15: =Tasks_SearchPro!F6 -> 2
B16: 6 | C16: =Tasks_StatusPro!B2 -> Tasks_StatusPro | D16: =Tasks_StatusPro!A6 -> 0 | E16: =Tasks_StatusPro!B6 -> 0 | F16: =Tasks_StatusPro!C6 -> 5 | G16: =Tasks_StatusPro!D6 -> 0 | H16: =Tasks_StatusPro!E6 -> 0 | I16: =Tasks_StatusPro!F6 -> 5
C17: Sub total | D17: =SUM(D11:D16) -> 0 | E17: =SUM(E11:E16) -> 0 | F17: =SUM(F11:F16) -> 27 | G17: =SUM(G11:G16) -> 0 | H17: =SUM(H11:H16) -> 0 | I17: =SUM(I11:I16) -> 27
C19: Test coverage | E19: =IFERROR((D17+E17)*100/(I17-G17-H17),0) -> 0 | F19: %
C20: Test successful coverage | E20: =IFERROR(D17*100/(D17+E17),0) -> 0 | F20: %
